{
    "accuracy_score": 0.36546666666666666,
    "f1_score": 0.6524690164200705,
    "avg_precision_score": 0.3493236426051146,
    "roc_auc_score": 0.9295834819848872
}