{
    "accuracy_score": 0.36543333333333333,
    "f1_score": 0.6524771641861113,
    "avg_precision_score": 0.349326662970372,
    "roc_auc_score": 0.9295844905210283
}